"Related posts","Related posts"
Categories:,Categories:
"Read more","Read more"
"Read %1","Read %1"
Previous,Previous
Next,Next
"Related Articles","Related Articles"
"Related Products","Related Products"
"Add to Cart","Add to Cart"
"In stock","In stock"
"Out of stock","Out of stock"
"Add to Wish List","Add to Wish List"
"Add to Compare","Add to Compare"
Categories,Categories
Search,Search
Search...,Search...
"Print This Page","Print This Page"
"Compare Products","Compare Products"
"Remove Product","Remove Product"
Product,Product
"You have no items to compare.","You have no items to compare."
"We can't find products matching the selection.","We can't find products matching the selection."
"Quick View","Quick View"
Availability:,Availability:
"Learn More","Learn More"
"Upsell Products","Upsell Products"
"More Choices:","More Choices:"
"New Products","New Products"
"Check items to add to the cart or","Check items to add to the cart or"
"select all","select all"
"Show %1 per page","Show %1 per page"
"per page","per page"
"Sort by %1","Sort by %1"
"Set Ascending Direction","Set Ascending Direction"
"Set Descending Direction","Set Descending Direction"
Qty,Qty
Loading...,Loading...
Email,Email
"Delivery & Return","Delivery & Return"
"Share it:","Share it:"
"Share on Facebook","Share on Facebook"
facebook,facebook
"Share on Twitter","Share on Twitter"
twitter,twitter
"Pin this","Pin this"
pinterest,pinterest
"Share on LinkedIn","Share on LinkedIn"
linkedin,linkedin
"Size Guide","Size Guide"
"Hurry Up!","Hurry Up!"
"Special Offers.","Special Offers."
Available,Available
"Already Sold","Already Sold"
"Update Cart","Update Cart"
Item,Item
Price,Price
"See price before order confirmation.","See price before order confirmation."
"What's this?","What's this?"
Subtotal,Subtotal
Cart,Cart
"* Required Fields","* Required Fields"
"Drop us a line","Drop us a line"
"Your Name","Your Name"
"Your Email","Your Email"
"Your Phone Number","Your Phone Number"
"Your Message","Your Message"
Submit,Submit
Send,Send
"Sign up to Newsletter","Sign up to Newsletter"
"Get notified of exclusive deals and new styles","Get notified of exclusive deals and new styles"
"Enter your email","Enter your email"
Subscribe,Subscribe
"Sign up","Sign up"
"Search here...","Search here..."
"All Categories","All Categories"
"Back to Top","Back to Top"
"Toggle Nav","Toggle Nav"
Account,Account
"Hello %s!","Hello %s!"
"Hello! Sign in","Hello! Sign in"
Wishlist,Wishlist
Menu,Menu
"Welcome, %1!","Welcome, %1!"
"Shopping Cart","Shopping Cart"
"You added ","You added "
" and related products"," and related products"
" to your shopping cart."," to your shopping cart."
"Go to checkout","Go to checkout"
"There are ","There are "
"There is ","There is "
" items"," items"
" item"," item"
" in your cart."," in your cart."
"Cart Subtotal: ","Cart Subtotal: "
"'Spend ' .","'Spend ' ."
". ' more to get free shipping!'",". ' more to get free shipping!'"
"Customize and Add to Cart","Customize and Add to Cart"
"Posted by:","Posted by:"
"View more","View more"
"Someone purchased a","Someone purchased a"
Close,Close
"Add Wishlist","Add Wishlist"
"Add Compare","Add Compare"
Compare,Compare
"Hot Deals Products","Hot Deals Products"
From,From
"Deal is on","Deal is on"
Edit,Edit
Remove,Remove
"See Details","See Details"
"Options Details","Options Details"
Update,Update
"New Customer","New Customer"
"Creating an account has many benefits:","Creating an account has many benefits:"
"See order and shipping status","See order and shipping status"
"Track order history","Track order history"
"Check out faster","Check out faster"
"Create an Account","Create an Account"
"Registered Customer","Registered Customer"
"Email Address","Email Address"
Password,Password
"Sign In","Sign In"
"Forgot Your Password?","Forgot Your Password?"
"Checkout as a new customer","Checkout as a new customer"
"New Customers","New Customers"
"Registered Customers","Registered Customers"
Timer,Timer
"Custom Tab","Custom Tab"
Checkout,Checkout
